d,p,shots,ler_mwpm,ler_exact,z
3,0.02,400000,0.0030875,0.0031569448960000004,-0.7829308987444414
3,0.05,400000,0.0182775,0.018176,0.4805405697202511
3,0.1,400000,0.0639425,0.06332325925925925,1.608099878410209
5,0.02,400000,0.0003225,0.0003357418269756621,-0.4571388142997867
5,0.05,400000,0.004465,0.004525260800000001,-0.5678425859738114
5,0.1,400000,0.027615,0.028267335743209873,-2.4893463851401147
7,0.02,400000,3.75e-05,3.740750179493162e-05,0.009565156306825981
7,0.05,400000,0.0011025,0.0011762794496000002,-1.3613372495374734
7,0.1,400000,0.0131225,0.013097209433523911,0.14068959457729363
