code,noise,p,bias,corr,scale,d,rounds,decoder,shots,errors,ler,ler_lo,ler_hi
rep,uniform,0.001,1.0,0.0,1.0,3,3,mwpm_matched,1200000,101,8.416666666666666e-05,6.927539056620068e-05,0.00010225860933371362
rep,uniform,0.002,1.0,0.0,1.0,3,3,mwpm_matched,700000,229,0.0003271428571428571,0.00028743243243089796,0.00037233745948599226
rep,uniform,0.005,1.0,0.0,1.0,3,3,mwpm_matched,200000,374,0.00187,0.0016899855756715835,0.002069149515618614
rep,uniform,0.01,1.0,0.0,1.0,3,3,mwpm_matched,200000,1456,0.00728,0.006916773363309819,0.0076621539090498195
rep,uniform,0.02,1.0,0.0,1.0,3,3,mwpm_matched,200000,5187,0.025935,0.025247473815270004,0.026640736846710783
rep,uniform,0.03,1.0,0.0,1.0,3,3,mwpm_matched,200000,10848,0.05424,0.05325591341246576,0.05524120994548
rep,uniform,0.05,1.0,0.0,1.0,3,3,mwpm_matched,200000,24552,0.12276,0.12132903633988483,0.12420545490103281
rep,uniform,0.07,1.0,0.0,1.0,3,3,mwpm_matched,200000,39450,0.19725,0.19551188107774473,0.19899974871545814
rep,uniform,0.1,1.0,0.0,1.0,3,3,mwpm_matched,200000,59451,0.297255,0.29525583756228,0.29926195065381545
rep,uniform,0.13,1.0,0.0,1.0,3,3,mwpm_matched,200000,74239,0.371195,0.3690801453136132,0.37331480258238503
rep,uniform,0.001,1.0,0.0,1.0,5,5,mwpm_matched,5200000,6,1.1538461538461538e-06,5.288181457914254e-07,2.517613992275982e-06
rep,uniform,0.002,1.0,0.0,1.0,5,5,mwpm_matched,5200000,63,1.2115384615384615e-05,9.47037128237256e-06,1.549912158328427e-05
rep,uniform,0.005,1.0,0.0,1.0,5,5,mwpm_matched,700000,134,0.00019142857142857142,0.00016164698858245094,0.0002266958214429506
rep,uniform,0.01,1.0,0.0,1.0,5,5,mwpm_matched,200000,291,0.001455,0.0012972521615208592,0.001631898871517246
rep,uniform,0.02,1.0,0.0,1.0,5,5,mwpm_matched,200000,2188,0.01094,0.010493418292974963,0.011405368384692282
rep,uniform,0.03,1.0,0.0,1.0,5,5,mwpm_matched,200000,6857,0.034285,0.033496441068204284,0.03509144883812582
rep,uniform,0.05,1.0,0.0,1.0,5,5,mwpm_matched,200000,23371,0.116855,0.11545445027369917,0.11827026780100498
rep,uniform,0.07,1.0,0.0,1.0,5,5,mwpm_matched,200000,44299,0.221495,0.21968046623761264,0.22332023221178768
rep,uniform,0.1,1.0,0.0,1.0,5,5,mwpm_matched,200000,70562,0.35281,0.35071863909789924,0.35490701503673827
rep,uniform,0.13,1.0,0.0,1.0,5,5,mwpm_matched,200000,85681,0.428405,0.4262376700947235,0.4305750801448945
rep,uniform,0.001,1.0,0.0,1.0,7,7,mwpm_matched,5200000,0,0.0,0.0,7.387415351632576e-07
rep,uniform,0.002,1.0,0.0,1.0,7,7,mwpm_matched,5200000,2,3.8461538461538463e-07,1.0547541753985906e-07,1.4024963185914485e-06
rep,uniform,0.005,1.0,0.0,1.0,7,7,mwpm_matched,5200000,86,1.653846153846154e-05,1.3393012534137846e-05,2.0422627642651555e-05
rep,uniform,0.01,1.0,0.0,1.0,7,7,mwpm_matched,700000,217,0.00031,0.00027141180260863254,0.00035407256317459597
rep,uniform,0.02,1.0,0.0,1.0,7,7,mwpm_matched,200000,902,0.00451,0.0042257088543432375,0.004813324824381955
rep,uniform,0.03,1.0,0.0,1.0,7,7,mwpm_matched,200000,4276,0.02138,0.020755198340271168,0.0220231872967981
rep,uniform,0.05,1.0,0.0,1.0,7,7,mwpm_matched,200000,22183,0.110915,0.10954620799005829,0.11229873826291711
rep,uniform,0.07,1.0,0.0,1.0,7,7,mwpm_matched,200000,47658,0.23829,0.23642788083834554,0.24016217245043764
rep,uniform,0.1,1.0,0.0,1.0,7,7,mwpm_matched,200000,77908,0.38954,0.38740497766194476,0.39167926553196825
rep,uniform,0.13,1.0,0.0,1.0,7,7,mwpm_matched,200000,91867,0.459335,0.45715175483064624,0.4615198072685795
