code,noise,p,bias,corr,scale,d,rounds,decoder,shots,errors,ler,ler_lo,ler_hi,ler_per_round,adv,adv_lo,adv_hi
rep,uniform,0.001,1.0,0.0,1.0,3,3,mwpm_matched,200000,10,5e-05,2.7160148887197544e-05,9.204485561069311e-05,1.6667222253075042e-05,0.0,0.0,0.0
rep,uniform,0.001,1.0,0.0,1.0,3,3,nn,200000,16,8e-05,4.92456616623843e-05,0.00012995819041999494,2.666808901535811e-05,-3e-05,-5.7717764656879024e-05,-2.2822353431209774e-06
rep,uniform,0.001,1.0,0.0,1.0,3,3,greedy,200000,21,0.000105,6.868082793449895e-05,0.00016052206380162074,3.5002450285870346e-05,-5.5e-05,-9.540497366327988e-05,-1.459502633672013e-05
rep,uniform,0.002,1.0,0.0,1.0,3,3,mwpm_matched,200000,50,0.00025,0.00018965107223385994,0.0003295462494939546,8.334722608149825e-05,0.0,0.0,0.0
rep,uniform,0.002,1.0,0.0,1.0,3,3,nn,200000,42,0.00021,0.00015537516344315405,0.0002838236948386757,7.000980228732967e-05,4e-05,3.3328504574956338e-06,7.666714954250437e-05
rep,uniform,0.002,1.0,0.0,1.0,3,3,greedy,200000,74,0.00037,0.00029476698056952924,0.00046442573149623964,0.00012336376806865168,-0.00012,-0.00019201175475505356,-4.798824524494644e-05
rep,uniform,0.005,1.0,0.0,1.0,3,3,mwpm_matched,200000,352,0.00176,0.0015856232767472258,0.0019535160400665137,0.0005873563715068086,0.0,0.0,0.0
rep,uniform,0.005,1.0,0.0,1.0,3,3,nn,200000,342,0.00171,0.0015382441842517883,0.00190089705325447,0.000570651037442027,5e-05,-5.0895083411453566e-05,0.00015089508341145356
rep,uniform,0.005,1.0,0.0,1.0,3,3,greedy,200000,461,0.002305,0.0021041755082432134,0.0025249428730220696,0.0007695170387130856,-0.000545,-0.0007254180103505513,-0.00036458198964944876
rep,uniform,0.01,1.0,0.0,1.0,3,3,mwpm_matched,200000,1408,0.00704,0.0066829242852091885,0.007416012206474541,0.0023577673241955144,0.0,0.0,0.0
rep,uniform,0.01,1.0,0.0,1.0,3,3,nn,200000,1304,0.00652,0.006176629122521517,0.006882327344364411,0.002182849126073527,0.00052,0.0003304942050459551,0.0007095057949540448
rep,uniform,0.01,1.0,0.0,1.0,3,3,greedy,200000,1748,0.00874,0.008341403259956973,0.009157467928181107,0.0029304751478560487,-0.0017,-0.002043052771121756,-0.0013569472288782439
rep,uniform,0.02,1.0,0.0,1.0,3,3,mwpm_matched,200000,5141,0.025705,0.025020491639779954,0.026407727857386414,0.008719509086941746,0.0,0.0,0.0
rep,uniform,0.02,1.0,0.0,1.0,3,3,nn,200000,4826,0.02413,0.023466560428201305,0.024811719570779413,0.008176308573429603,0.001575,0.001255263866591457,0.001894736133408543
rep,uniform,0.02,1.0,0.0,1.0,3,3,greedy,200000,6281,0.031405,0.030649584675971005,0.03217841586224821,0.01069548897655953,-0.0057,-0.006329290535644107,-0.005070709464355894
rep,uniform,0.03,1.0,0.0,1.0,3,3,mwpm_matched,200000,11028,0.05514,0.054148171587311236,0.05614891719816918,0.019100356199433677,0.0,0.0,0.0
rep,uniform,0.03,1.0,0.0,1.0,3,3,nn,200000,10365,0.051825,0.05086206987666332,0.052805146250731114,0.017908791214129693,0.003315,0.002854846311374934,0.0037751536886250657
rep,uniform,0.03,1.0,0.0,1.0,3,3,greedy,200000,13005,0.065025,0.0639527119386047,0.06611399712596468,0.022689008771075048,-0.009885,-0.010766518579336748,-0.009003481420663251
rep,uniform,0.05,1.0,0.0,1.0,3,3,mwpm_matched,200000,24718,0.12359,0.12215484963091544,0.1250396097265064,0.045151199456079316,0.0,0.0,0.0
rep,uniform,0.05,1.0,0.0,1.0,3,3,nn,200000,23549,0.117745,0.11633979434818488,0.11916488953819245,0.04280894179194017,0.005845,0.005159841387190885,0.006530158612809115
rep,uniform,0.05,1.0,0.0,1.0,3,3,greedy,200000,28152,0.14076,0.13924274100086312,0.1422910587907477,0.052175105635391406,-0.01717,-0.01843113586054469,-0.015908864139455314
rep,uniform,0.001,1.0,0.0,1.0,5,5,mwpm_matched,200000,0,0.0,0.0,1.920692519040967e-05,0.0,0.0,0.0,0.0
rep,uniform,0.001,1.0,0.0,1.0,5,5,nn,200000,1,5e-06,8.826233199317763e-07,2.8324109801225995e-05,1.00000399999578e-06,-5e-06,-1.4799795423119838e-05,4.7997954231198384e-06
rep,uniform,0.001,1.0,0.0,1.0,5,5,greedy,200000,36,0.00018,0.0001300283314373889,0.00024917167925995223,3.600518512003603e-05,-0.00018,-0.0002387936273952863,-0.00012120637260471372
rep,uniform,0.001,1.0,0.0,1.0,5,5,nn_events,200000,18,9e-05,5.693252978073336e-05,0.00014227093816314207,1.800129613999113e-05,-9e-05,-0.00013157524371822874,-4.842475628177126e-05
rep,uniform,0.002,1.0,0.0,1.0,5,5,mwpm_matched,200000,1,5e-06,8.826233199317763e-07,2.8324109801225995e-05,1.00000399999578e-06,0.0,0.0,0.0
rep,uniform,0.002,1.0,0.0,1.0,5,5,nn,200000,8,4e-05,2.026912967451951e-05,7.893625896187494e-05,8.000256012274942e-06,-3.5e-05,-6.439905960606396e-05,-5.600940393936039e-06
rep,uniform,0.002,1.0,0.0,1.0,5,5,greedy,200000,134,0.00067,0.0005657837515368133,0.0007933974363738413,0.0001340718818007014,-0.000665,-0.0007779794522609003,-0.0005520205477390997
rep,uniform,0.002,1.0,0.0,1.0,5,5,nn_events,200000,23,0.000115,7.663536529645042e-05,0.00017256714230116544,2.3002116292025754e-05,-0.00011,-0.00015596270165169925,-6.403729834830076e-05
rep,uniform,0.005,1.0,0.0,1.0,5,5,mwpm_matched,200000,27,0.000135,9.278618493938878e-05,0.00019641555438121947,2.7002916472507188e-05,0.0,0.0,0.0
rep,uniform,0.005,1.0,0.0,1.0,5,5,nn,200000,59,0.000295,0.00022872626600777376,0.0003804693270967737,5.901392893115087e-05,-0.00016,-0.0002250008691944538,-9.499913080554623e-05
rep,uniform,0.005,1.0,0.0,1.0,5,5,greedy,200000,826,0.00413,0.003858298784160906,0.004420749491827431,0.0008287427081377086,-0.003995,-0.004274562600357423,-0.003715437399642578
rep,uniform,0.005,1.0,0.0,1.0,5,5,nn_events,200000,132,0.00066,0.0005566297871549396,0.0007825517848942187,0.00013206975125029663,-0.000525,-0.000632773461121755,-0.00041722653887824485
rep,uniform,0.01,1.0,0.0,1.0,5,5,mwpm_matched,200000,270,0.00135,0.001198375568217928,0.0015207794982744678,0.00027029207328665983,0.0,0.0,0.0
rep,uniform,0.01,1.0,0.0,1.0,5,5,nn,200000,295,0.001475,0.0013161111577469735,0.0016530391070141244,0.0002953487174121583,-0.000125,-0.00024218752139204552,-7.812478607954469e-06
rep,uniform,0.01,1.0,0.0,1.0,5,5,greedy,200000,3160,0.0158,0.015262709569663363,0.016355890416691034,0.0032007168723064416,-0.01445,-0.0149905237682549,-0.0139094762317451
rep,uniform,0.01,1.0,0.0,1.0,5,5,nn_events,200000,596,0.00298,0.0027504705008855076,0.0032286219510307677,0.0005974259663041326,-0.00163,-0.0018450315021797054,-0.0014149684978202945
rep,uniform,0.02,1.0,0.0,1.0,5,5,mwpm_matched,200000,2193,0.010965,0.010517903112485913,0.011430882604835072,0.002212494067963089,0.0,0.0,0.0
rep,uniform,0.02,1.0,0.0,1.0,5,5,nn,200000,2418,0.01209,0.011620317907145815,0.012578424594593494,0.0024417320436498358,-0.001125,-0.001478710632936743,-0.0007712893670632568
rep,uniform,0.02,1.0,0.0,1.0,5,5,greedy,200000,11471,0.057355,0.0563444324450028,0.05838257125379903,0.012036749036346328,-0.04639,-0.047391002248866464,-0.04538899775113354
rep,uniform,0.02,1.0,0.0,1.0,5,5,nn_events,200000,3457,0.017285,0.016723010422403952,0.01786553251938262,0.0035058195766230482,-0.00632,-0.0068156434181178335,-0.005824356581882167
rep,uniform,0.03,1.0,0.0,1.0,5,5,mwpm_matched,200000,6753,0.033765,0.032982308125285735,0.034565601756246574,0.006943171342762566,0.0,0.0,0.0
rep,uniform,0.03,1.0,0.0,1.0,5,5,nn,200000,6984,0.03492,0.03412434306363753,0.03573352244989758,0.007187702870916746,-0.001155,-0.0017518028536613632,-0.0005581971463386369
rep,uniform,0.03,1.0,0.0,1.0,5,5,greedy,200000,22952,0.11476,0.11337051380652398,0.11616428474519673,0.025405961852337733,-0.080995,-0.08237566080317828,-0.07961433919682172
rep,uniform,0.03,1.0,0.0,1.0,5,5,nn_events,200000,9643,0.048215,0.047284801945206005,0.049162552856188306,0.01003803809403736,-0.01445,-0.015266404376596009,-0.01363359562340399
rep,uniform,0.05,1.0,0.0,1.0,5,5,mwpm_matched,200000,23406,0.11703,0.11562853272339822,0.11844617862888211,0.025966587288156207,0.0,0.0,0.0
rep,uniform,0.05,1.0,0.0,1.0,5,5,nn,200000,22887,0.114435,0.11304724332366278,0.11583756771255929,0.02532591251213301,0.002595,0.0015188185429440251,0.003671181457055975
rep,uniform,0.05,1.0,0.0,1.0,5,5,greedy,200000,47101,0.235505,0.2336504870029835,0.23736967326837302,0.059790412713332464,-0.118475,-0.1204027452636358,-0.1165472547363642
rep,uniform,0.05,1.0,0.0,1.0,5,5,nn_events,200000,28146,0.14073,0.1392128773967453,0.14226092354728107,0.03198454553794228,-0.0237,-0.025068458517734954,-0.022331541482265044
rep,uniform,0.001,1.0,0.0,1.0,7,7,mwpm_matched,200000,0,0.0,0.0,1.920692519040967e-05,0.0,0.0,0.0,0.0
rep,uniform,0.001,1.0,0.0,1.0,7,7,nn,200000,2,1e-05,2.7423649747610273e-06,3.646417607714484e-05,1.4285836736349644e-06,-1e-05,-2.3858968948132322e-05,3.858968948132322e-06
rep,uniform,0.001,1.0,0.0,1.0,7,7,greedy,200000,1,5e-06,8.826233199317763e-07,2.8324109801225995e-05,7.142887755162697e-07,-5e-06,-1.4799795423119838e-05,4.7997954231198384e-06
rep,uniform,0.002,1.0,0.0,1.0,7,7,mwpm_matched,200000,0,0.0,0.0,1.920692519040967e-05,0.0,0.0,0.0,0.0
rep,uniform,0.002,1.0,0.0,1.0,7,7,nn,200000,6,3e-05,1.37493393106963e-05,6.545643346420194e-05,4.285824493910351e-06,-3e-05,-5.4004198310700265e-05,-5.995801689299733e-06
rep,uniform,0.002,1.0,0.0,1.0,7,7,greedy,200000,20,0.0001,6.47385275512393e-05,0.0001544645562541323,1.428693892713273e-05,-0.0001,-0.00014382393566769226,-5.617606433230776e-05
rep,uniform,0.005,1.0,0.0,1.0,7,7,mwpm_matched,200000,2,1e-05,2.7423649747610273e-06,3.646417607714484e-05,1.4285836736349644e-06,0.0,0.0,0.0
rep,uniform,0.005,1.0,0.0,1.0,7,7,nn,200000,44,0.00022,0.00016389733999807077,0.0002953011341452551,3.143449957399014e-05,-0.00021,-0.00027499813582783415,-0.00014500186417216586
rep,uniform,0.005,1.0,0.0,1.0,7,7,greedy,200000,213,0.001065,0.0009313160383106466,0.0012178499761291077,0.00015228192524519013,-0.001055,-0.0011972754971196445,-0.0009127245028803554
rep,uniform,0.01,1.0,0.0,1.0,7,7,mwpm_matched,200000,71,0.000355,0.00028148146219906834,0.00044771182607445623,5.072972413294741e-05,0.0,0.0,0.0
rep,uniform,0.01,1.0,0.0,1.0,7,7,nn,200000,213,0.001065,0.0009313160383106466,0.0012178499761291077,0.00015228192524519013,-0.00071,-0.0008464602245469681,-0.0005735397754530319
rep,uniform,0.01,1.0,0.0,1.0,7,7,greedy,200000,1389,0.006945,0.006590388528012661,0.007318551612986854,0.000998100235036825,-0.00659,-0.00695183960709236,-0.00622816039290764
rep,uniform,0.02,1.0,0.0,1.0,7,7,mwpm_matched,200000,946,0.00473,0.004438664593476453,0.005040360634201656,0.0006784699769545322,0.0,0.0,0.0
rep,uniform,0.02,1.0,0.0,1.0,7,7,nn,200000,1664,0.00832,0.007931246158651742,0.008727641163303499,0.001197136005156585,-0.00359,-0.003955024860101316,-0.003224975139898683
rep,uniform,0.02,1.0,0.0,1.0,7,7,greedy,200000,7820,0.0391,0.03825932001105022,0.0399583849325903,0.0057825166330618405,-0.03437,-0.035210030401486625,-0.03352996959851337
rep,uniform,0.03,1.0,0.0,1.0,7,7,mwpm_matched,200000,4139,0.020695,0.020080229960695414,0.02132818198986137,0.00301025613898509,0.0,0.0,0.0
rep,uniform,0.03,1.0,0.0,1.0,7,7,nn,200000,6042,0.03021,0.02946882755252789,0.030969218890242522,0.00443183571305833,-0.009515,-0.01019838501293334,-0.008831614987066659
rep,uniform,0.03,1.0,0.0,1.0,7,7,greedy,200000,19446,0.09723,0.0959392856687109,0.09853618627780697,0.015209749460682931,-0.076535,-0.07782632769486807,-0.07524367230513195
rep,uniform,0.05,1.0,0.0,1.0,7,7,mwpm_matched,200000,22085,0.110425,0.10905888230820575,0.11180608276755634,0.017511128636863882,0.0,0.0,0.0
rep,uniform,0.05,1.0,0.0,1.0,7,7,nn,200000,25437,0.127185,0.1257319577782241,0.12865236348140563,0.02053262897971242,-0.01676,-0.01811080557422692,-0.01540919442577308
rep,uniform,0.05,1.0,0.0,1.0,7,7,greedy,200000,48955,0.244775,0.24289559318219536,0.2466642109927681,0.04579800853055699,-0.13435,-0.1363463273634588,-0.1323536726365412
