code,noise,p,bias,corr,scale,d,rounds,ref_decoder,decoder,shots,errors,ler,ler_lo,ler_hi,ler_per_round,adv,adv_lo,adv_hi
rep,biased,0.001,5.0,0.5,1.0,3,3,mwpm_uniform,mwpm_matched,200000,1435,0.007175,0.006814451460864261,0.007554479844949667,0.002403198890682301,-0.002645,-0.0029778479363580506,-0.00231215206364195
rep,biased,0.001,5.0,0.5,1.0,3,3,mwpm_uniform,mwpm_uniform,200000,906,0.00453,0.004245061381161091,0.004833971529287095,0.0015145832925704816,0.0,0.0,0.0
rep,biased,0.001,5.0,0.5,1.0,3,3,mwpm_uniform,nn,200000,908,0.00454,0.004254738187020204,0.0048442943392894774,0.0015179369350403205,-1e-05,-4.394754373263001e-05,2.3947543732630013e-05
rep,biased,0.001,5.0,0.5,1.0,3,3,mwpm_uniform,nn_transfer,200000,906,0.00453,0.004245061381161091,0.004833971529287095,0.0015145832925704816,0.0,-2.771807648699356e-05,2.771807648699356e-05
rep,biased,0.001,5.0,0.5,1.0,3,3,mwpm_uniform,greedy,200000,910,0.00455,0.004264415352929033,0.0048546167892421456,0.0015212906226355072,-2e-05,-6.157702233679939e-05,2.1577022336799386e-05
rep,biased,0.002,5.0,0.5,1.0,3,3,mwpm_uniform,mwpm_matched,200000,2821,0.014105,0.013597438421626008,0.01463122667620478,0.004746584202061976,-0.00524,-0.0057036576901576905,-0.004776342309842309
rep,biased,0.002,5.0,0.5,1.0,3,3,mwpm_uniform,mwpm_uniform,200000,1773,0.008865,0.008463520868262204,0.00928534551814458,0.0029726381309861383,0.0,0.0,0.0
rep,biased,0.002,5.0,0.5,1.0,3,3,mwpm_uniform,nn,200000,1777,0.008885,0.008483061624382757,0.00930580399374702,0.002979384872155988,-2e-05,-8.351003132428128e-05,4.3510031324281285e-05
rep,biased,0.002,5.0,0.5,1.0,3,3,mwpm_uniform,nn_transfer,200000,1770,0.00885,0.008448865649997419,0.009270001312617121,0.0029675781953068525,1.5e-05,-2.990836847652387e-05,5.9908368476523866e-05
rep,biased,0.002,5.0,0.5,1.0,3,3,mwpm_uniform,greedy,200000,1795,0.008975,0.008571001559200325,0.009397860601682918,0.003009747474334745,-0.00011,-0.000199815539386005,-2.0184460613995034e-05
rep,biased,0.005,5.0,0.5,1.0,3,3,mwpm_uniform,mwpm_matched,200000,7210,0.03605,0.03524188737398044,0.036875934731903745,0.012317622477981627,-0.013005,-0.01373790428397523,-0.01227209571602477
rep,biased,0.005,5.0,0.5,1.0,3,3,mwpm_uniform,mwpm_uniform,200000,4609,0.023045,0.022396508004045385,0.023711813673963,0.007802800644657548,0.0,0.0,0.0
rep,biased,0.005,5.0,0.5,1.0,3,3,mwpm_uniform,nn,200000,4588,0.02294,0.02229297439169374,0.02360535131976893,0.007766684788896916,0.000105,-1.1365504263631757e-05,0.00022136550426363178
rep,biased,0.005,5.0,0.5,1.0,3,3,mwpm_uniform,nn_transfer,200000,4578,0.02289,0.022243673934885275,0.02355465369726992,0.0077494886249117045,0.000155,2.8360238782769578e-05,0.0002816397612172304
rep,biased,0.005,5.0,0.5,1.0,3,3,mwpm_uniform,greedy,200000,4699,0.023495,0.02284026368209274,0.02416804070968297,0.00795764294869239,-0.00045,-0.0006660320235390523,-0.00023396797646094765
rep,biased,0.01,5.0,0.5,1.0,3,3,mwpm_uniform,mwpm_matched,200000,14117,0.070585,0.06947070808274249,0.07171578740081878,0.024731453793070735,-0.022585,-0.02359865310572474,-0.021571346894275263
rep,biased,0.01,5.0,0.5,1.0,3,3,mwpm_uniform,mwpm_uniform,200000,9600,0.048,0.04707179571939196,0.04894556734098017,0.01654118728883608,0.0,0.0,0.0
rep,biased,0.01,5.0,0.5,1.0,3,3,mwpm_uniform,nn,200000,9489,0.047445,0.046521966483102445,0.04838541789695665,0.01634339238115451,0.000555,0.0003607413667644253,0.0007492586332355748
rep,biased,0.01,5.0,0.5,1.0,3,3,mwpm_uniform,nn_transfer,200000,9508,0.04754,0.04661607892216784,0.04848130180857547,0.01637723769143229,0.00046,0.00023143977664954955,0.0006885602233504505
rep,biased,0.01,5.0,0.5,1.0,3,3,mwpm_uniform,greedy,200000,9841,0.049205,0.048265687278708086,0.05016162949297434,0.016971191958691734,-0.001205,-0.0016180725343545802,-0.0007919274656454196
rep,biased,0.02,5.0,0.5,1.0,3,3,mwpm_uniform,mwpm_matched,200000,26525,0.132625,0.13114560731129593,0.13411850497698774,0.04881996951487444,-0.035605,-0.036970992845757694,-0.0342390071542423
rep,biased,0.02,5.0,0.5,1.0,3,3,mwpm_uniform,mwpm_uniform,200000,19404,0.09702,0.09573054175663409,0.09832493825679237,0.03469130606494786,0.0,0.0,0.0
rep,biased,0.02,5.0,0.5,1.0,3,3,mwpm_uniform,nn,200000,19056,0.09528,0.09400102152984612,0.09657452532368001,0.03402255937585008,0.00174,0.0013802792607399952,0.002099720739260005
rep,biased,0.02,5.0,0.5,1.0,3,3,mwpm_uniform,nn_transfer,200000,19065,0.095325,0.09404574886403035,0.09661979626087248,0.03403983037970659,0.001695,0.001333012984735577,0.0020569870152644227
rep,biased,0.02,5.0,0.5,1.0,3,3,mwpm_uniform,greedy,200000,20160,0.1008,0.09948821213969414,0.10212712266937787,0.03615076241665366,-0.00378,-0.004511721935604453,-0.003048278064395547
rep,biased,0.03,5.0,0.5,1.0,3,3,mwpm_uniform,mwpm_matched,200000,37952,0.18976,0.18804749368647533,0.19148442382646685,0.07353905316613657,-0.043465,-0.045068316391922644,-0.04186168360807735
rep,biased,0.03,5.0,0.5,1.0,3,3,mwpm_uniform,mwpm_uniform,200000,29259,0.146295,0.14475297070981788,0.1478506164611311,0.05448697806788588,0.0,0.0,0.0
rep,biased,0.03,5.0,0.5,1.0,3,3,mwpm_uniform,nn,200000,28636,0.14318,0.14165181507349636,0.14472189175659653,0.05318295452208027,0.003115,0.0026180941075567505,0.00361190589244325
rep,biased,0.03,5.0,0.5,1.0,3,3,mwpm_uniform,nn_transfer,200000,28647,0.143235,0.14170656850442087,0.14477713621291027,0.05320591306351513,0.00306,0.0025348057817837235,0.003585194218216276
rep,biased,0.03,5.0,0.5,1.0,3,3,mwpm_uniform,greedy,200000,30782,0.15391,0.15233512816091072,0.15549816648856757,0.05770738648661372,-0.007615,-0.008614072409208135,-0.006615927590791866
rep,biased,0.05,5.0,0.5,1.0,3,3,mwpm_uniform,mwpm_matched,200000,56034,0.28017,0.2782060835262686,0.2821423609904606,0.11980273400159946,-0.041785,-0.04366467093067372,-0.039905329069326284
rep,biased,0.05,5.0,0.5,1.0,3,3,mwpm_uniform,mwpm_uniform,200000,47677,0.238385,0.23652262332787755,0.24025742631158992,0.09709664548881952,0.0,0.0,0.0
rep,biased,0.05,5.0,0.5,1.0,3,3,mwpm_uniform,nn,200000,46881,0.234405,0.23255352180218944,0.23626668072440252,0.09506377064629473,0.00398,0.0032685282196130306,0.0046914717803869695
rep,biased,0.05,5.0,0.5,1.0,3,3,mwpm_uniform,nn_transfer,200000,46908,0.23454,0.23268814841254623,0.23640204892817587,0.09513239098397047,0.003845,0.003110860489526187,0.004579139510473813
rep,biased,0.05,5.0,0.5,1.0,3,3,mwpm_uniform,greedy,200000,50076,0.25038,0.24848611910441937,0.2522834697609127,0.10335090976985384,-0.011995,-0.013391335896599568,-0.010598664103400433
rep,biased,0.001,5.0,0.5,1.0,5,5,mwpm_matched,mwpm_matched,200000,51,0.000255,0.0001939681928918076,0.00033522893676675506,5.101040718474836e-05,0.0,0.0,0.0
rep,biased,0.001,5.0,0.5,1.0,5,5,mwpm_matched,mwpm_uniform,200000,51,0.000255,0.0001939681928918076,0.00033522893676675506,5.101040718474836e-05,0.0,-6.04101471580679e-05,6.04101471580679e-05
rep,biased,0.001,5.0,0.5,1.0,5,5,mwpm_matched,nn,200000,66,0.00033,0.0002594204539269092,0.0004197737946928749,6.601743090312029e-05,-7.5e-05,-0.00014767666638904877,-2.3233336109512265e-06
rep,biased,0.001,5.0,0.5,1.0,5,5,mwpm_matched,nn_transfer,200000,210,0.00105,0.0009173231977412984,0.0012018433929062112,0.00021017662259126269,-0.000795,-0.0009310988586278129,-0.0006589011413721871
rep,biased,0.001,5.0,0.5,1.0,5,5,mwpm_matched,greedy,200000,1547,0.007735,0.007360390049939274,0.00812851974411844,0.0015566626647299797,-0.00748,-0.007861162596906411,-0.007098837403093588
rep,biased,0.002,5.0,0.5,1.0,5,5,mwpm_matched,mwpm_matched,200000,218,0.00109,0.000954653049250374,0.0012445120048431206,0.00021819034502562618,0.0,0.0,0.0
rep,biased,0.002,5.0,0.5,1.0,5,5,mwpm_matched,mwpm_uniform,200000,229,0.001145,0.0010060602494076118,0.0013031026919241117,0.00022921005267856343,-5.5e-05,-0.00017136616450189518,6.136616450189516e-05
rep,biased,0.002,5.0,0.5,1.0,5,5,mwpm_matched,nn,200000,203,0.001015,0.000884701538190356,0.0011644663969419176,0.00020316503705597455,7.5e-05,-4.4621595316465685e-05,0.00019462159531646568
rep,biased,0.002,5.0,0.5,1.0,5,5,mwpm_matched,nn_transfer,200000,397,0.001985,0.0017992666871729196,0.0021898639865244843,0.0003976319418844132,-0.000895,-0.0010677771883326546,-0.0007222228116673453
rep,biased,0.002,5.0,0.5,1.0,5,5,mwpm_matched,greedy,200000,3009,0.015045,0.014520734675742308,0.015587894313069122,0.003045884268265464,-0.013955,-0.014483468552769376,-0.013426531447230624
rep,biased,0.005,5.0,0.5,1.0,5,5,mwpm_matched,mwpm_matched,200000,1306,0.00653,0.006186360420480467,0.006892595662266957,0.0013128764991017228,0.0,0.0,0.0
rep,biased,0.005,5.0,0.5,1.0,5,5,mwpm_matched,mwpm_uniform,200000,1320,0.0066,0.00625448534434732,0.006964468049430577,0.0013270253144442856,-7e-05,-0.00035130758537685737,0.00021130758537685735
rep,biased,0.005,5.0,0.5,1.0,5,5,mwpm_matched,nn,200000,1098,0.00549,0.0051755268250043545,0.005823469208147466,0.0011028544323171685,0.00104,0.0007656429000803832,0.0013143570999196166
rep,biased,0.005,5.0,0.5,1.0,5,5,mwpm_matched,nn_transfer,200000,1707,0.008535,0.00814117651649614,0.00894770254648127,0.0017187762157339082,-0.002005,-0.002356456574491579,-0.0016535434255084203
rep,biased,0.005,5.0,0.5,1.0,5,5,mwpm_matched,greedy,200000,8116,0.04058,0.03972403150098937,0.04145361659015259,0.008393085146821244,-0.03405,-0.03490197131438117,-0.03319802868561882
rep,biased,0.01,5.0,0.5,1.0,5,5,mwpm_uniform,mwpm_matched,200000,4697,0.023485,0.022830401744698373,0.024157903031215844,0.004787819022210815,0.0003,-0.0002125954103179318,0.0008125954103179317
rep,biased,0.01,5.0,0.5,1.0,5,5,mwpm_uniform,mwpm_uniform,200000,4757,0.023785,0.02312627349785519,0.024462019753903913,0.004850188971100622,0.0,0.0,0.0
rep,biased,0.01,5.0,0.5,1.0,5,5,mwpm_uniform,nn,200000,3950,0.01975,0.01914936352228226,0.020369084729363128,0.004013931282441208,0.004035,0.00358083953297773,0.0044891604670222705
rep,biased,0.01,5.0,0.5,1.0,5,5,mwpm_uniform,nn_transfer,200000,5074,0.02537,0.0246899133745199,0.026068318991286355,0.0051802329165432925,-0.001585,-0.001949639902674001,-0.001220360097325999
rep,biased,0.01,5.0,0.5,1.0,5,5,mwpm_uniform,greedy,200000,16708,0.08354,0.08233532967182923,0.08476066816030035,0.017951581437980924,-0.059755,-0.06091993720328026,-0.058590062796719744
rep,biased,0.02,5.0,0.5,1.0,5,5,mwpm_matched,mwpm_matched,200000,16431,0.082155,0.08095954170742577,0.0833665093278866,0.017631382284634733,0.0,0.0,0.0
rep,biased,0.02,5.0,0.5,1.0,5,5,mwpm_matched,mwpm_uniform,200000,16204,0.08102,0.07983216648568078,0.08222392814935175,0.017369613213475077,0.001135,0.00023754073356358147,0.0020324592664364184
rep,biased,0.02,5.0,0.5,1.0,5,5,mwpm_matched,nn,200000,14973,0.074865,0.0737197606781862,0.07602657039409544,0.015959862572931083,0.00729,0.006330149225926188,0.008249850774073812
rep,biased,0.02,5.0,0.5,1.0,5,5,mwpm_matched,nn_transfer,200000,17086,0.08543,0.08421291836672988,0.0866630068632225,0.018389909199258647,-0.003275,-0.0043024799185893995,-0.0022475200814106007
rep,biased,0.02,5.0,0.5,1.0,5,5,mwpm_matched,greedy,200000,35022,0.17511,0.17345058356274703,0.1767818967131032,0.04130577507247973,-0.092955,-0.09463173955488187,-0.09127826044511812
rep,biased,0.03,5.0,0.5,1.0,5,5,mwpm_uniform,mwpm_matched,200000,31111,0.155555,0.15397321396327002,0.15715001749542445,0.03591238309096162,-0.00353,-0.004681197648498907,-0.0023788023515010927
rep,biased,0.03,5.0,0.5,1.0,5,5,mwpm_uniform,mwpm_uniform,200000,30405,0.152025,0.15045812873652803,0.15360523832305822,0.0349650303256564,0.0,0.0,0.0
rep,biased,0.03,5.0,0.5,1.0,5,5,mwpm_uniform,nn,200000,28683,0.143415,0.14188576208989076,0.14495793571294727,0.032686187738371286,0.00861,0.007443402599989197,0.009776597400010802
rep,biased,0.03,5.0,0.5,1.0,5,5,mwpm_uniform,nn_transfer,200000,30682,0.15341,0.15183724220532083,0.15499607165108267,0.035335804833929285,-0.001385,-0.002390072529452629,-0.000379927470547371
rep,biased,0.03,5.0,0.5,1.0,5,5,mwpm_uniform,greedy,200000,51638,0.25819,0.256276654834085,0.2601126340190755,0.06761476545707129,-0.106165,-0.10809371805596953,-0.10423628194403046
rep,biased,0.05,5.0,0.5,1.0,5,5,mwpm_uniform,mwpm_matched,200000,58973,0.294865,0.2928705625865807,0.2968673174386171,0.0816074366659752,-0.005335,-0.006801352643435306,-0.0038686473565646947
rep,biased,0.05,5.0,0.5,1.0,5,5,mwpm_uniform,mwpm_uniform,200000,57906,0.28953,0.2875463487052,0.2915217362578897,0.0794534798856551,0.0,0.0,0.0
rep,biased,0.05,5.0,0.5,1.0,5,5,mwpm_uniform,nn,200000,56001,0.280005,0.2780414408286806,0.28197701002633396,0.07571413307297742,0.009525,0.007852504756519123,0.011197495243480878
rep,biased,0.05,5.0,0.5,1.0,5,5,mwpm_uniform,nn_transfer,200000,57390,0.28695,0.28497168443406723,0.2889364996367563,0.07842746318357069,0.00258,0.0011460526316195926,0.004013947368380407
rep,biased,0.05,5.0,0.5,1.0,5,5,mwpm_uniform,greedy,200000,75872,0.37936,0.37723577088764065,0.3814888633592692,0.12375194011811574,-0.08983,-0.09217742232557977,-0.08748257767442022
rep,biased,0.001,5.0,0.5,1.0,7,7,mwpm_matched,mwpm_matched,200000,23,0.000115,7.663536529645042e-05,0.00017256714230116544,1.6430191046912235e-05,0.0,0.0,0.0
rep,biased,0.001,5.0,0.5,1.0,7,7,mwpm_matched,mwpm_uniform,200000,26,0.00013,8.872116400513607e-05,0.00019048076738472405,1.8573498292318025e-05,-1.5e-05,-5.033369206698357e-05,2.0333692066983572e-05
rep,biased,0.001,5.0,0.5,1.0,7,7,mwpm_matched,nn,200000,37,0.000185,0.0001342278788525053,0.0002549719397755839,2.643276320501986e-05,-7e-05,-0.00012714145502040438,-1.2858544979595595e-05
rep,biased,0.001,5.0,0.5,1.0,7,7,mwpm_matched,nn_transfer,200000,220,0.0011,0.0009639931922724462,0.0012551714776825446,0.00015729122251006977,-0.000985,-0.0011259287550508077,-0.0008440712449491923
rep,biased,0.001,5.0,0.5,1.0,7,7,mwpm_matched,greedy,200000,133,0.000665,0.0005612059784825656,0.0007879754014973407,9.50541946259098e-05,-0.00055,-0.0006590995515008448,-0.0004409004484991552
rep,biased,0.002,5.0,0.5,1.0,7,7,mwpm_matched,mwpm_matched,200000,98,0.00049,0.0004021321223320384,0.0005970559800716847,7.002941784850503e-05,0.0,0.0,0.0
rep,biased,0.002,5.0,0.5,1.0,7,7,mwpm_matched,mwpm_uniform,200000,126,0.00063,0.0005292068802123431,0.0007499758442523266,9.004863794215279e-05,-0.00014,-0.00022315196578725601,-5.684803421274396e-05
rep,biased,0.002,5.0,0.5,1.0,7,7,mwpm_matched,nn,200000,132,0.00066,0.0005566297871549396,0.0007825517848942187,9.433909668776774e-05,-0.00017,-0.00026500985810868054,-7.49901418913195e-05
rep,biased,0.002,5.0,0.5,1.0,7,7,mwpm_matched,nn_transfer,200000,591,0.002955,0.0027264713227236554,0.0032026220895388802,0.0004232160131284468,-0.002465,-0.002693523890635845,-0.002236476109364155
rep,biased,0.002,5.0,0.5,1.0,7,7,mwpm_matched,greedy,200000,464,0.00232,0.002118494789745088,0.0025406230153124385,0.00033208954021146653,-0.00183,-0.0020325815541311796,-0.0016274184458688204
rep,biased,0.005,5.0,0.5,1.0,7,7,mwpm_matched,mwpm_matched,200000,595,0.002975,0.0027456703261020195,0.0032234223178835082,0.00042608775885594197,0.0,0.0,0.0
rep,biased,0.005,5.0,0.5,1.0,7,7,mwpm_matched,mwpm_uniform,200000,775,0.003875,0.0036120786115554446,0.00415697945996474,0.0005554189467881221,-0.0009,-0.001120841502246728,-0.000679158497753272
rep,biased,0.005,5.0,0.5,1.0,7,7,mwpm_matched,nn,200000,865,0.004325,0.004046768221870714,0.0046222725634167995,0.0006201599688406279,-0.00135,-0.0016193855349079,-0.0010806144650921002
rep,biased,0.005,5.0,0.5,1.0,7,7,mwpm_matched,nn_transfer,200000,1922,0.00961,0.009191758426928208,0.010047079341160043,0.0013843019869099193,-0.006635,-0.0070371743124018745,-0.006232825687598126
rep,biased,0.005,5.0,0.5,1.0,7,7,mwpm_matched,greedy,200000,2745,0.013725,0.013224355372828862,0.014244324322265071,0.0019841805046065253,-0.01075,-0.01124378719560214,-0.010256212804397858
rep,biased,0.01,5.0,0.5,1.0,7,7,mwpm_matched,mwpm_matched,200000,2894,0.01447,0.013955885369993214,0.015002765706782186,0.002093250365974242,0.0,0.0,0.0
rep,biased,0.01,5.0,0.5,1.0,7,7,mwpm_matched,mwpm_uniform,200000,3375,0.016875,0.01631971447187912,0.017448844219586115,0.0024463300969976842,-0.002405,-0.002855561915473251,-0.001954438084526749
rep,biased,0.01,5.0,0.5,1.0,7,7,mwpm_matched,nn,200000,3743,0.018715,0.018130261002295447,0.019318227007685086,0.0027174804471504777,-0.004245,-0.004795309932223067,-0.003694690067776932
rep,biased,0.01,5.0,0.5,1.0,7,7,mwpm_matched,nn_transfer,200000,5937,0.029685,0.028950182481747543,0.03043788412829431,0.004352758202539053,-0.015215,-0.01591186992543274,-0.014518130074567258
rep,biased,0.01,5.0,0.5,1.0,7,7,mwpm_matched,greedy,200000,9680,0.0484,0.047468090496420035,0.04934925719841195,0.007219603386028728,-0.03393,-0.034840051982351135,-0.03301994801764887
rep,biased,0.02,5.0,0.5,1.0,7,7,mwpm_matched,mwpm_matched,200000,14208,0.07104,0.0699223630721915,0.07217411493306784,0.01082708427437995,0.0,0.0,0.0
rep,biased,0.02,5.0,0.5,1.0,7,7,mwpm_matched,mwpm_uniform,200000,14792,0.07396,0.07282120964096887,0.07511515619584737,0.011304174934024747,-0.00292,-0.00382415194569956,-0.00201584805430044
rep,biased,0.02,5.0,0.5,1.0,7,7,mwpm_matched,nn,200000,16855,0.084275,0.08306548141055017,0.08550048818739939,0.013012264388935102,-0.013235,-0.014368139195903065,-0.012101860804096936
rep,biased,0.02,5.0,0.5,1.0,7,7,mwpm_matched,nn_transfer,200000,19529,0.097645,0.09635180885808287,0.09895364714668708,0.015281139673545163,-0.026605,-0.027840843738833783,-0.025369156261166217
rep,biased,0.02,5.0,0.5,1.0,7,7,mwpm_matched,greedy,200000,30594,0.15297,0.1513991074043515,0.15455422335414618,0.02541671823208208,-0.08193,-0.08350583709758999,-0.08035416290241001
rep,biased,0.03,5.0,0.5,1.0,7,7,mwpm_matched,mwpm_matched,200000,31575,0.157875,0.15628356829453835,0.15947957404402321,0.02638084094276394,0.0,0.0,0.0
rep,biased,0.03,5.0,0.5,1.0,7,7,mwpm_matched,mwpm_uniform,200000,31826,0.15913,0.15753340132730265,0.16073969280187667,0.026629425365797543,-0.001255,-0.00250595325057009,-4.046749429910228e-06
rep,biased,0.03,5.0,0.5,1.0,7,7,mwpm_matched,nn,200000,35185,0.175925,0.17426252130563746,0.1775999276629247,0.030033926189409255,-0.01805,-0.01967850597772412,-0.01642149402227588
rep,biased,0.03,5.0,0.5,1.0,7,7,mwpm_matched,nn_transfer,200000,37412,0.18706,0.18535697418662725,0.18877504704371098,0.032375452879302546,-0.029185,-0.030857431857454726,-0.027512568142545272
rep,biased,0.03,5.0,0.5,1.0,7,7,mwpm_matched,greedy,200000,52429,0.262145,0.2602221037148433,0.264077033211539,0.050348502128620576,-0.10427,-0.10631301106058147,-0.10222698893941853
rep,biased,0.05,5.0,0.5,1.0,7,7,mwpm_uniform,mwpm_matched,200000,67449,0.337245,0.3351761788282084,0.3393200732180104,0.07407185592596521,-0.00487,-0.006562314460192624,-0.0031776855398073763
rep,biased,0.05,5.0,0.5,1.0,7,7,mwpm_uniform,mwpm_uniform,200000,66475,0.332375,0.33031374316760587,0.3344426959540642,0.07227410347768343,0.0,0.0,0.0
rep,biased,0.05,5.0,0.5,1.0,7,7,mwpm_uniform,nn,200000,69652,0.34826,0.346174972934491,0.3503508559831658,0.07831457881005982,-0.015885,-0.018032581589057118,-0.013737418410942882
rep,biased,0.05,5.0,0.5,1.0,7,7,mwpm_uniform,nn_transfer,200000,69156,0.34578,0.34369851342559016,0.3478674107584155,0.07733684624423054,-0.013405,-0.015339094733996562,-0.011470905266003438
rep,biased,0.05,5.0,0.5,1.0,7,7,mwpm_uniform,greedy,200000,82415,0.412075,0.40991954965788907,0.41423382787990576,0.10993839769809,-0.0797,-0.08224236080611215,-0.07715763919388784
